id,customerId,url,state,createdAt
ff3d4f71-c011-4906-89ec-895db1529220,9,/shyun/services/u,SUCCESS,20241226105850
c720e249-de9f-4959-a703-57ef6104c289,19,/shyun/services/k,SUCCESS,20241226105850
a367d7f4-2985-47d5-b800-e5f038a60363,5,/shyun/services/s,SUCCESS,20241226105850
8eccd03d-e527-4004-a385-2697da4a4e2b,12,/shyun/services/s,SUCCESS,20241226105850
51187d80-2889-4abf-91d1-9cdaa30974ad,4,/shyun/services/y,SUCCESS,20241226105850
424ab5e3-a8db-48ef-9ccc-452d7bf7fa4b,19,/shyun/services/x,FAIL,20241226105850
f9f9e569-e51b-4355-a18c-19a305b70b13,13,/shyun/services/r,SUCCESS,20241226105850
f6ef7b8d-7789-4860-82de-8fb61b11b321,5,/shyun/services/s,SUCCESS,20241226105850
a8a9cad8-a478-4f47-a038-4122eba1140f,3,/shyun/services/d,FAIL,20241226105850
cff5dd1e-4821-49d6-9b30-3744cfa3c558,14,/shyun/services/t,SUCCESS,20241226105850
0b837ebb-423d-42ba-a3f2-eba123258316,19,/shyun/services/w,SUCCESS,20241226105850
e44197af-a703-43d8-ba04-070f773720ba,2,/shyun/services/p,FAIL,20241226105850
acc238fd-3376-48f0-8710-5c36c6c43a3f,16,/shyun/services/r,SUCCESS,20241226105850
2e1b8246-f924-4f1a-81b2-51f92263b52d,6,/shyun/services/m,SUCCESS,20241226105850
1c3265ae-7769-458a-86cd-94e017511e3f,6,/shyun/services/m,FAIL,20241226105850
973841a7-6043-4b93-90c2-c67890fd3f42,4,/shyun/services/d,SUCCESS,20241226105850
cba66998-aac7-40d6-86b2-ad54d011653d,0,/shyun/services/q,SUCCESS,20241226105850
dcd82f34-ef76-4265-8e48-fb997552c73c,5,/shyun/services/r,SUCCESS,20241226105850
64648240-419b-41ac-bf04-9ccba6fcc01b,3,/shyun/services/u,SUCCESS,20241226105850
1b54a025-947c-48f4-aac0-95d6e78f9f17,4,/shyun/services/q,SUCCESS,20241226105850
2a05cd3c-8291-4d22-a600-206c68c0e6c2,2,/shyun/services/u,SUCCESS,20241226105850
d947e29a-cd60-48cd-81ea-c9aaeb42f713,4,/shyun/services/e,FAIL,20241226105850
0a8d4409-d45a-4ff7-a820-a2f7b05f375e,3,/shyun/services/f,SUCCESS,20241226105850
1f888629-fe07-4e2b-9bfd-e14a353b5306,7,/shyun/services/f,SUCCESS,20241226105850
5c629884-6f21-4c70-9a13-f1d0bb51f383,6,/shyun/services/m,SUCCESS,20241226105850
b908819f-a194-40a4-8642-7a01e777bacb,16,/shyun/services/u,SUCCESS,20241226105850
eb926c34-e205-4dfe-a544-39d332141305,1,/shyun/services/t,SUCCESS,20241226105850
74990abc-68e5-4867-a7e4-827ed25ecca3,15,/shyun/services/p,SUCCESS,20241226105850
9a4066e7-eab3-4121-9823-6c5f50cc7451,19,/shyun/services/u,SUCCESS,20241226105850
8e5acf7c-4a67-4381-822f-0e034a46f199,6,/shyun/services/a,SUCCESS,20241226105850
9212d1e5-99cd-47b0-89c0-466fc3b979d5,7,/shyun/services/s,SUCCESS,20241226105850
2a210f8e-0b97-4e72-b814-00aae5474aad,1,/shyun/services/t,SUCCESS,20241226105850
a44df49b-a9c6-4c07-943c-166bc332cf05,3,/shyun/services/f,FAIL,20241226105850
3e72046e-16b6-4e70-9f7d-04bc5da39ab3,4,/shyun/services/q,SUCCESS,20241226105850
53d41b0e-197f-40ba-95b7-2a42904da371,13,/shyun/services/t,SUCCESS,20241226105850
fc410ddd-99ad-4107-858f-321e85a8f815,13,/shyun/services/u,FAIL,20241226105850
28103159-9121-4a5a-9c12-007d01d8b74c,15,/shyun/services/o,SUCCESS,20241226105850
0554df0f-6e5e-439e-b628-bf1000be6efa,3,/shyun/services/p,SUCCESS,20241226105850
95738f42-e301-47a6-9d52-23409acd509a,7,/shyun/services/z,SUCCESS,20241226105850
5e517b19-4a76-4e53-aaa5-cc370e0613db,19,/shyun/services/x,SUCCESS,20241226105850
e9c0164f-d515-4c80-af10-f32ca55da1c5,12,/shyun/services/r,SUCCESS,20241226105850
726a6104-b037-4968-b10c-02ec01cb6abc,11,/shyun/services/k,SUCCESS,20241226105850
2d44a393-479d-4a9f-b749-5f7978378f96,5,/shyun/services/f,SUCCESS,20241226105850
38b21dbc-ea2b-480f-8a9b-e12c07b29677,15,/shyun/services/q,SUCCESS,20241226105850
728a5083-7a0d-49b0-aeb4-9005e6f03693,4,/shyun/services/x,SUCCESS,20241226105850
66e51848-a9fa-4542-ad33-239dbb7710f2,16,/shyun/services/w,SUCCESS,20241226105850
be37d9a0-c59a-4082-ad78-f09d2d31ef62,14,/shyun/services/k,SUCCESS,20241226105850
f98276d7-d18c-424f-be4b-6be0e50a8150,7,/shyun/services/o,SUCCESS,20241226105850
3618ed8e-6d79-4e31-914a-4a1e7741fe66,5,/shyun/services/a,SUCCESS,20241226105850
90872427-7ee1-4975-889e-b9de2051f3d2,3,/shyun/services/m,SUCCESS,20241226105850
b2aeff7e-ce10-4b6f-845d-90df8fbf8727,9,/shyun/services/n,SUCCESS,20241226105850
9f010d29-3f02-4b8a-bd58-9bde3dfb37b6,19,/shyun/services/k,SUCCESS,20241226105850
18620562-970c-403a-a74e-6aa6521a32ed,3,/shyun/services/k,SUCCESS,20241226105850
ba94a645-6552-4f16-94aa-fc70b204f7a7,11,/shyun/services/y,SUCCESS,20241226105850
f571930e-98e0-4401-8575-4eab4a22e992,4,/shyun/services/t,SUCCESS,20241226105850
a53c52b3-6b19-480c-9da5-107dd967e19c,15,/shyun/services/g,SUCCESS,20241226105850
16e275aa-82cc-4b45-809a-48142b11f9eb,16,/shyun/services/t,SUCCESS,20241226105850
0368527d-d3d8-479e-b4bc-990186853ce3,3,/shyun/services/r,SUCCESS,20241226105850
f6f27c8d-f639-419e-8411-c8a7ddfb020a,0,/shyun/services/a,SUCCESS,20241226105850
a021d87b-38eb-49a1-9e61-5ee2c8370110,2,/shyun/services/r,SUCCESS,20241226105850
dc0c7b19-ab1a-404d-9f74-8ae19c581b5c,3,/shyun/services/q,SUCCESS,20241226105850
1568242b-e8d1-499a-8411-c44afa7b7c91,12,/shyun/services/g,FAIL,20241226105850
1a988cb1-7bb3-4f9e-91bf-ffddfc931b2f,4,/shyun/services/g,SUCCESS,20241226105850
0df93bc6-3705-4550-9f4d-3b44ae76177c,6,/shyun/services/i,FAIL,20241226105850
10c273bd-9996-47d4-9625-9359eeed9434,3,/shyun/services/a,FAIL,20241226105850
552bb5af-612e-4462-9448-46527d07b526,17,/shyun/services/n,SUCCESS,20241226105850
d5f784b1-bbed-4528-a096-d0e8e6b184ad,9,/shyun/services/o,SUCCESS,20241226105850
e6bf3eb5-c786-4705-a84e-7fb190b4a3cc,16,/shyun/services/l,FAIL,20241226105850
4e815114-f7e9-49fe-9cbe-7d12f23cd010,14,/shyun/services/s,SUCCESS,20241226105850
fa77804a-49cb-461c-b521-ec4c64916d03,2,/shyun/services/w,SUCCESS,20241226105850
16b3024c-5c1f-4016-a8a2-c298dc80cdd9,7,/shyun/services/z,SUCCESS,20241226105850
ecc90959-6ca0-4956-a2fb-7de4340bf598,1,/shyun/services/s,SUCCESS,20241226105850
192629f2-3714-4839-8613-41b1a6a27999,8,/shyun/services/x,SUCCESS,20241226105850
b13649d1-7592-4415-b626-b440c5539950,6,/shyun/services/l,SUCCESS,20241226105850
cdf23c57-d968-4b71-baee-6ebe0d74556a,0,/shyun/services/k,SUCCESS,20241226105850
77313400-5f31-414b-b9ce-112fff867fd7,4,/shyun/services/y,SUCCESS,20241226105850
16921f5d-c2f4-4afc-a9cc-5e18bee1c6f1,1,/shyun/services/j,FAIL,20241226105850
32cbd3fa-9c3b-404c-9235-8f6e823cad5c,11,/shyun/services/g,SUCCESS,20241226105850
91e7d1df-1fae-4e05-853e-5d81f358bd24,0,/shyun/services/m,SUCCESS,20241226105850
bb209692-28da-4329-87ee-231af2240237,0,/shyun/services/l,FAIL,20241226105850
6495da7d-1979-448b-b8e2-7d3c27ab5614,1,/shyun/services/z,FAIL,20241226105850
efaad606-262a-4f21-aaa3-21e3fec11d86,3,/shyun/services/h,SUCCESS,20241226105850
a43f394c-2b23-4cf3-adaf-d6985b5b9f02,8,/shyun/services/y,SUCCESS,20241226105850
ddec292f-90f7-4a0a-b82b-33b334c28a93,3,/shyun/services/g,FAIL,20241226105850
90acfcda-1244-4b2d-a874-d923d5134710,6,/shyun/services/a,SUCCESS,20241226105850
e655a1bc-3323-4f99-aadd-09cec28014c9,8,/shyun/services/h,SUCCESS,20241226105850
9cfb2563-18d5-488a-9c47-20baf05980d7,7,/shyun/services/g,SUCCESS,20241226105850
b6822d95-1c92-4a5d-9e0c-7d558d820378,0,/shyun/services/l,SUCCESS,20241226105850
eed221f0-f655-4525-9f44-bad46b1de484,10,/shyun/services/b,SUCCESS,20241226105850
5c516bae-9c60-491b-8718-ee9aca180938,3,/shyun/services/y,SUCCESS,20241226105850
de20c22a-c88a-46ed-9ec3-a841e40bc742,2,/shyun/services/b,SUCCESS,20241226105850
feec693a-77ab-436b-8c9a-01e949a28c5b,4,/shyun/services/l,SUCCESS,20241226105850
d6bd6721-056d-4afc-8a16-26b79d9cd109,6,/shyun/services/o,SUCCESS,20241226105850
f12bab3f-e83d-4a7a-8172-8fec2f3adf3c,3,/shyun/services/f,SUCCESS,20241226105850
81719d17-dbbc-4204-8dda-487f50e01122,2,/shyun/services/h,SUCCESS,20241226105850
87eb27be-b31d-4b73-94b7-4c42c64fc053,17,/shyun/services/n,SUCCESS,20241226105850
86262898-1e26-461c-8de1-05c7304a413b,17,/shyun/services/e,SUCCESS,20241226105850
3d99e172-0445-47fc-b498-135048876554,8,/shyun/services/y,SUCCESS,20241226105850
d3879380-dacc-4175-b2fe-d9a4e4868ea5,7,/shyun/services/a,SUCCESS,20241226105850
f291cd49-cdde-4a86-81ec-9eac2e13a1f9,7,/shyun/services/w,SUCCESS,20241226105850
